-- phpMyAdmin SQL Dump
-- version 4.8.0.1
-- https://www.phpmyadmin.net/
--
-- Host: 127.0.0.1
-- Generation Time: Apr 14, 2020 at 10:42 AM
-- Server version: 10.1.32-MariaDB
-- PHP Version: 7.2.5

SET SQL_MODE = "NO_AUTO_VALUE_ON_ZERO";
SET AUTOCOMMIT = 0;
START TRANSACTION;
SET time_zone = "+00:00";


/*!40101 SET @OLD_CHARACTER_SET_CLIENT=@@CHARACTER_SET_CLIENT */;
/*!40101 SET @OLD_CHARACTER_SET_RESULTS=@@CHARACTER_SET_RESULTS */;
/*!40101 SET @OLD_COLLATION_CONNECTION=@@COLLATION_CONNECTION */;
/*!40101 SET NAMES utf8mb4 */;

--
-- Database: `conman`
--

-- --------------------------------------------------------

--
-- Table structure for table `newprojectschedule`
--

CREATE TABLE `newprojectschedule` (
  `Name` varchar(100) NOT NULL,
  `SubstructureID` int(11) NOT NULL,
  `Start_Date` int(11) NOT NULL,
  `Total_Days` int(11) NOT NULL,
  `Quantity` int(11) NOT NULL,
  `Labour_Rate` int(11) NOT NULL,
  `Machine_Rate` int(11) NOT NULL
) ENGINE=InnoDB DEFAULT CHARSET=latin1;

--
-- Dumping data for table `newprojectschedule`
--

INSERT INTO `newprojectschedule` (`Name`, `SubstructureID`, `Start_Date`, `Total_Days`, `Quantity`, `Labour_Rate`, `Machine_Rate`) VALUES
('RCC ground floor', 1, 2020, 15, 745, 2293, 70),
('RCC ground floor', 2, 2020, 15, 745, 2293, 70);

-- --------------------------------------------------------

--
-- Table structure for table `progressreport`
--

CREATE TABLE `progressreport` (
  `SubstructureID` int(11) NOT NULL,
  `Overall_Progress` float NOT NULL
) ENGINE=InnoDB DEFAULT CHARSET=latin1;

--
-- Dumping data for table `progressreport`
--

INSERT INTO `progressreport` (`SubstructureID`, `Overall_Progress`) VALUES
(0, 0),
(1, 0),
(38, 39.3),
(48, 30.63),
(49, 0),
(50, 0),
(53, 0),
(55, 4.5),
(56, 8.5),
(57, 0),
(58, 4);

-- --------------------------------------------------------

--
-- Table structure for table `projectschedule`
--

CREATE TABLE `projectschedule` (
  `Name` text NOT NULL,
  `SubstructureID` int(11) NOT NULL,
  `Start_Date` date NOT NULL,
  `Total_Days` int(11) NOT NULL
) ENGINE=InnoDB DEFAULT CHARSET=latin1;

--
-- Dumping data for table `projectschedule`
--

INSERT INTO `projectschedule` (`Name`, `SubstructureID`, `Start_Date`, `Total_Days`) VALUES
('Test', 37, '2019-09-28', 15),
('New', 38, '2019-09-30', 10),
('New', 39, '2019-09-29', 20),
('New', 40, '2019-09-29', 20),
('New', 41, '2019-09-29', 20),
('New', 42, '2019-09-29', 20),
('New', 43, '2019-09-29', 20),
('New', 44, '2019-09-29', 20),
('New', 45, '2019-09-29', 20),
('New', 46, '2019-09-29', 20),
('New', 47, '2019-09-29', 20),
('Demo', 48, '2019-09-30', 10),
('', 49, '0000-00-00', 0),
('Hello', 50, '2019-10-01', 13),
('Hello', 51, '2019-10-01', 13),
('Hello', 52, '2019-10-01', 13),
('Helloo', 53, '2019-10-01', 13),
('Hello', 54, '2019-09-07', 13),
('Test2', 55, '2019-09-30', 20),
('Mobilization', 56, '2019-10-01', 25),
('Vaibhav', 57, '2019-10-05', 10),
('Mobilisation', 58, '2019-10-10', 20);

-- --------------------------------------------------------

--
-- Table structure for table `workreport`
--

CREATE TABLE `workreport` (
  `SubstructureID` int(11) NOT NULL,
  `Date` date NOT NULL,
  `IdealWork` float NOT NULL,
  `ActualWork` float NOT NULL,
  `Progress` float NOT NULL
) ENGINE=InnoDB DEFAULT CHARSET=latin1;

--
-- Dumping data for table `workreport`
--

INSERT INTO `workreport` (`SubstructureID`, `Date`, `IdealWork`, `ActualWork`, `Progress`) VALUES
(0, '2020-04-14', 6.66667, 0, 0),
(0, '2020-04-15', 6.66667, 0, 0),
(0, '2020-04-16', 6.66667, 0, 0),
(0, '2020-04-17', 6.66667, 0, 0),
(0, '2020-04-18', 6.66667, 0, 0),
(0, '2020-04-19', 6.66667, 0, 0),
(0, '2020-04-20', 6.66667, 0, 0),
(0, '2020-04-21', 6.66667, 0, 0),
(0, '2020-04-22', 6.66667, 0, 0),
(0, '2020-04-23', 6.66667, 0, 0),
(0, '2020-04-24', 6.66667, 0, 0),
(0, '2020-04-25', 6.66667, 0, 0),
(0, '2020-04-26', 6.66667, 0, 0),
(0, '2020-04-27', 6.66667, 0, 0),
(0, '2020-04-28', 6.66667, 0, 0),
(1, '2020-04-14', 6.66667, 0, 0),
(1, '2020-04-15', 6.66667, 0, 0),
(1, '2020-04-16', 6.66667, 0, 0),
(1, '2020-04-17', 6.66667, 0, 0),
(1, '2020-04-18', 6.66667, 0, 0),
(1, '2020-04-19', 6.66667, 0, 0),
(1, '2020-04-20', 6.66667, 0, 0),
(1, '2020-04-21', 6.66667, 0, 0),
(1, '2020-04-22', 6.66667, 0, 0),
(1, '2020-04-23', 6.66667, 0, 0),
(1, '2020-04-24', 6.66667, 0, 0),
(1, '2020-04-25', 6.66667, 0, 0),
(1, '2020-04-26', 6.66667, 0, 0),
(1, '2020-04-27', 6.66667, 0, 0),
(1, '2020-04-28', 6.66667, 0, 0),
(37, '2019-09-28', 6.66667, 3.5, -47.5),
(37, '2019-09-29', 6.66667, 0, 0),
(37, '2019-09-30', 6.66667, 0, 0),
(37, '2019-10-01', 6.66667, 0, 0),
(37, '2019-10-02', 6.66667, 0, 0),
(37, '2019-10-03', 6.66667, 0, 0),
(37, '2019-10-04', 6.66667, 3.5, -47.5),
(37, '2019-10-05', 6.66667, 5, -25),
(37, '2019-10-06', 6.66667, 5, -25),
(37, '2019-10-07', 6.66667, 0, 0),
(37, '2019-10-08', 6.66667, 0, 0),
(37, '2019-10-09', 6.66667, 0, 0),
(37, '2019-10-10', 6.66667, 0, 0),
(37, '2019-10-11', 6.66667, 0, 0),
(37, '2019-10-12', 6.66667, 0, 0),
(38, '2019-09-29', 5, 0, 0),
(38, '2019-09-30', 10, 5.8, 16),
(38, '2019-10-01', 10, 3.5, -30),
(38, '2019-10-02', 10, 0, 0),
(38, '2019-10-03', 10, 0, 0),
(38, '2019-10-04', 10, 0, 0),
(38, '2019-10-05', 10, 0, 0),
(38, '2019-10-06', 10, 5, 0),
(38, '2019-10-07', 10, 0, 0),
(38, '2019-10-08', 10, 0, 0),
(38, '2019-10-09', 10, 0, 0),
(38, '2019-10-10', 5, 0, 0),
(38, '2019-10-11', 5, 0, 0),
(38, '2019-10-12', 5, 0, 0),
(38, '2019-10-13', 5, 0, 0),
(38, '2019-10-14', 5, 0, 0),
(38, '2019-10-15', 5, 0, 0),
(38, '2019-10-16', 5, 0, 0),
(38, '2019-10-17', 5, 0, 0),
(38, '2019-10-18', 5, 0, 0),
(48, '2019-09-30', 10, 5.63, 56.3),
(48, '2019-10-01', 10, 10, 100),
(48, '2019-10-02', 10, 15, 150),
(48, '2019-10-03', 10, 0, 0),
(48, '2019-10-04', 10, 0, 0),
(48, '2019-10-05', 10, 0, 0),
(48, '2019-10-06', 10, 0, 0),
(48, '2019-10-07', 10, 0, 0),
(48, '2019-10-08', 10, 0, 0),
(48, '2019-10-09', 10, 0, 0),
(50, '2019-10-01', 7.69231, 0, 0),
(50, '2019-10-02', 7.69231, 0, 0),
(50, '2019-10-03', 7.69231, 0, 0),
(50, '2019-10-04', 7.69231, 0, 0),
(50, '2019-10-05', 7.69231, 0, 0),
(50, '2019-10-06', 7.69231, 0, 0),
(50, '2019-10-07', 7.69231, 0, 0),
(50, '2019-10-08', 7.69231, 0, 0),
(50, '2019-10-09', 7.69231, 0, 0),
(50, '2019-10-10', 7.69231, 0, 0),
(50, '2019-10-11', 7.69231, 0, 0),
(50, '2019-10-12', 7.69231, 0, 0),
(50, '2019-10-13', 7.69231, 0, 0),
(53, '2019-10-01', 7.69231, 0, 0),
(53, '2019-10-02', 7.69231, 0, 0),
(53, '2019-10-03', 7.69231, 0, 0),
(53, '2019-10-04', 7.69231, 0, 0),
(53, '2019-10-05', 7.69231, 0, 0),
(53, '2019-10-06', 7.69231, 0, 0),
(53, '2019-10-07', 7.69231, 0, 0),
(53, '2019-10-08', 7.69231, 0, 0),
(53, '2019-10-09', 7.69231, 0, 0),
(53, '2019-10-10', 7.69231, 0, 0),
(53, '2019-10-11', 7.69231, 0, 0),
(53, '2019-10-12', 7.69231, 0, 0),
(53, '2019-10-13', 7.69231, 0, 0),
(55, '2019-09-30', 5, 4.5, 90),
(55, '2019-10-01', 5, 0, 0),
(55, '2019-10-02', 5, 0, 0),
(55, '2019-10-03', 5, 0, 0),
(55, '2019-10-04', 5, 0, 0),
(55, '2019-10-05', 5, 0, 0),
(55, '2019-10-06', 5, 0, 0),
(55, '2019-10-07', 5, 0, 0),
(55, '2019-10-08', 5, 0, 0),
(55, '2019-10-09', 5, 0, 0),
(55, '2019-10-10', 5, 0, 0),
(55, '2019-10-11', 5, 0, 0),
(55, '2019-10-12', 5, 0, 0),
(55, '2019-10-13', 5, 0, 0),
(55, '2019-10-14', 5, 0, 0),
(55, '2019-10-15', 5, 0, 0),
(55, '2019-10-16', 5, 0, 0),
(55, '2019-10-17', 5, 0, 0),
(55, '2019-10-18', 5, 0, 0),
(55, '2019-10-19', 5, 0, 0),
(56, '2019-10-01', 4, 3.5, 87.5),
(56, '2019-10-02', 4, 5, 125),
(56, '2019-10-03', 4, 0, 0),
(56, '2019-10-04', 4, 0, 0),
(56, '2019-10-05', 4, 0, 0),
(56, '2019-10-06', 4, 0, 0),
(56, '2019-10-07', 4, 0, 0),
(56, '2019-10-08', 4, 0, 0),
(56, '2019-10-09', 4, 0, 0),
(56, '2019-10-10', 4, 0, 0),
(56, '2019-10-11', 4, 0, 0),
(56, '2019-10-12', 4, 0, 0),
(56, '2019-10-13', 4, 0, 0),
(56, '2019-10-14', 4, 0, 0),
(56, '2019-10-15', 4, 0, 0),
(56, '2019-10-16', 4, 0, 0),
(56, '2019-10-17', 4, 0, 0),
(56, '2019-10-18', 4, 0, 0),
(56, '2019-10-19', 4, 0, 0),
(56, '2019-10-20', 4, 0, 0),
(56, '2019-10-21', 4, 0, 0),
(56, '2019-10-22', 4, 0, 0),
(56, '2019-10-23', 4, 0, 0),
(56, '2019-10-24', 4, 0, 0),
(56, '2019-10-25', 4, 0, 0),
(57, '2019-10-05', 10, 0, 0),
(57, '2019-10-06', 10, 0, 0),
(57, '2019-10-07', 10, 0, 0),
(57, '2019-10-08', 10, 0, 0),
(57, '2019-10-09', 10, 0, 0),
(57, '2019-10-10', 10, 0, 0),
(57, '2019-10-11', 10, 0, 0),
(57, '2019-10-12', 10, 0, 0),
(57, '2019-10-13', 10, 0, 0),
(57, '2019-10-14', 10, 0, 0),
(58, '2019-10-10', 5, 4, 80),
(58, '2019-10-11', 5, 0, 0),
(58, '2019-10-12', 5, 0, 0),
(58, '2019-10-13', 5, 0, 0),
(58, '2019-10-14', 5, 0, 0),
(58, '2019-10-15', 5, 0, 0),
(58, '2019-10-16', 5, 0, 0),
(58, '2019-10-17', 5, 0, 0),
(58, '2019-10-18', 5, 0, 0),
(58, '2019-10-19', 5, 0, 0),
(58, '2019-10-20', 5, 0, 0),
(58, '2019-10-21', 5, 0, 0),
(58, '2019-10-22', 5, 0, 0),
(58, '2019-10-23', 5, 0, 0),
(58, '2019-10-24', 5, 0, 0),
(58, '2019-10-25', 5, 0, 0),
(58, '2019-10-26', 5, 0, 0),
(58, '2019-10-27', 5, 0, 0),
(58, '2019-10-28', 5, 0, 0),
(58, '2019-10-29', 5, 0, 0);

--
-- Indexes for dumped tables
--

--
-- Indexes for table `newprojectschedule`
--
ALTER TABLE `newprojectschedule`
  ADD PRIMARY KEY (`SubstructureID`);

--
-- Indexes for table `progressreport`
--
ALTER TABLE `progressreport`
  ADD PRIMARY KEY (`SubstructureID`);

--
-- Indexes for table `projectschedule`
--
ALTER TABLE `projectschedule`
  ADD PRIMARY KEY (`SubstructureID`);

--
-- Indexes for table `workreport`
--
ALTER TABLE `workreport`
  ADD PRIMARY KEY (`SubstructureID`,`Date`);

--
-- AUTO_INCREMENT for dumped tables
--

--
-- AUTO_INCREMENT for table `newprojectschedule`
--
ALTER TABLE `newprojectschedule`
  MODIFY `SubstructureID` int(11) NOT NULL AUTO_INCREMENT, AUTO_INCREMENT=3;

--
-- AUTO_INCREMENT for table `projectschedule`
--
ALTER TABLE `projectschedule`
  MODIFY `SubstructureID` int(11) NOT NULL AUTO_INCREMENT, AUTO_INCREMENT=59;
COMMIT;

/*!40101 SET CHARACTER_SET_CLIENT=@OLD_CHARACTER_SET_CLIENT */;
/*!40101 SET CHARACTER_SET_RESULTS=@OLD_CHARACTER_SET_RESULTS */;
/*!40101 SET COLLATION_CONNECTION=@OLD_COLLATION_CONNECTION */;
